iso_code,continent,location,date,total_cases,new_cases,new_cases_smoothed,total_deaths,new_deaths,new_deaths_smoothed,total_cases_per_million,new_cases_per_million,new_cases_smoothed_per_million,total_deaths_per_million,new_deaths_per_million,new_deaths_smoothed_per_million,reproduction_rate,icu_patients,icu_patients_per_million,hosp_patients,hosp_patients_per_million,weekly_icu_admissions,weekly_icu_admissions_per_million,weekly_hosp_admissions,weekly_hosp_admissions_per_million,new_tests,total_tests,total_tests_per_thousand,new_tests_per_thousand,new_tests_smoothed,new_tests_smoothed_per_thousand,positive_rate,tests_per_case,tests_units,total_vaccinations,people_vaccinated,people_fully_vaccinated,total_boosters,new_vaccinations,new_vaccinations_smoothed,total_vaccinations_per_hundred,people_vaccinated_per_hundred,people_fully_vaccinated_per_hundred,total_boosters_per_hundred,new_vaccinations_smoothed_per_million,stringency_index,population,population_density,median_age,aged_65_older,aged_70_older,gdp_per_capita,extreme_poverty,cardiovasc_death_rate,diabetes_prevalence,female_smokers,male_smokers,handwashing_facilities,hospital_beds_per_thousand,life_expectancy,human_development_index,excess_mortality_cumulative_absolute,excess_mortality_cumulative,excess_mortality,excess_mortality_cumulative_per_million
AFG,Asia,Afghanistan,2021-10-25,156040,96,37.714,7260,5,2,3917.116,2.41,0.947,182.25,0.126,0.05,,,,,,,,,,,,,,,,,,,,,,,,,,,,,,,39835428,54.422,18.6,2.581,1.337,1803.987,,597.029,9.59,,,37.746,0.5,64.83,0.511,,,,
OWID_AFR,,Africa,2021-10-25,8473216,6702,4979.857,217122,191,207.571,6169.13,4.88,3.626,158.081,0.139,0.151,,,,,,,,,,,,,,,,,,,188208162,116227766,76081314,,352568,1387886,13.7,8.46,5.54,,1010,,1373486472,,,,,,,,,,,,,,,,,,
ALB,Europe,Albania,2021-10-25,181960,264,538.857,2880,6,7.286,63335.949,91.892,187.563,1002.46,2.088,2.536,,,,,,,,,,,,,,,,,,,,,,,,,,,,,,,2872934,104.871,38,13.188,8.643,11803.431,1.1,304.195,10.08,7.1,51.2,,2.89,78.57,0.795,,,,
DZA,Africa,Algeria,2021-10-25,205903,81,77,5894,4,3,4614.939,1.815,1.726,132.103,0.09,0.067,,11,0.247,,,,,,,,,,,,,,,,,,,,,,,,,,,,44616626,17.348,29.1,6.211,3.857,13913.839,0.5,278.364,6.73,0.7,30.4,83.741,1.9,76.88,0.748,,,,
AND,Europe,Andorra,2021-10-25,15425,21,8.286,130,0,0,199407.917,271.479,107.114,1680.585,0,0,,,,,,,,,,,,,,,,,,,,,,,,,,,,,,,77354,163.755,,,,,,109.135,7.97,29,37.8,,,83.73,0.868,,,,
AGO,Africa,Angola,2021-10-25,63930,69,131.143,1701,4,4.429,1883.973,2.033,3.865,50.127,0.118,0.131,,,,,,,,,,,,,,,,,,,,,,,,,,,,,,63.89,33933611,23.89,16.8,2.405,1.362,5819.495,,276.045,3.94,,,26.664,,61.15,0.581,,,,
AIA,North America,Anguilla,2021-10-15,,,,,,,,,,,,,,,,,,,,,,,,,,,,,,,18705,9548,9157,,,0,123.67,63.13,60.54,,0,,15125,,,,,,,,,,,,,81.88,,,,,
ATG,North America,Antigua and Barbuda,2021-10-25,4031,12,16.143,99,0,0.571,40829.349,121.546,163.508,1002.755,0,5.788,,,,,,,,,,,,,,,,,,,,,,,,,,,,,,,98728,231.845,32.1,6.933,4.631,21490.943,,191.511,13.17,,,,3.8,77.02,0.778,,,,
ARG,South America,Argentina,2021-10-25,5281585,1227,1160.286,115851,25,21,115809.444,26.904,25.442,2540.268,0.548,0.46,,,,,,,,,,,,,,,,,,,58128269,32890914,25336749,,78272,302114,127.46,72.12,55.56,,6624,42.59,45605823,16.177,31.9,11.198,7.441,18933.907,0.6,191.032,5.5,16.2,27.7,,5,76.67,0.845,,,,
ARM,Asia,Armenia,2021-10-25,296552,1184,1909.857,6055,42,35.714,99912.133,398.905,643.455,2040.006,14.15,12.033,,,,,,,,,,14037,2006632,676.06,4.729,15623,5.264,0.122,8.2,tests performed,,,,,,,,,,,,,2968128,102.931,35.7,11.232,7.571,8787.58,1.8,341.01,7.11,1.5,52.1,94.043,4.2,75.09,0.776,,,,
ABW,North America,Aruba,2021-10-25,,,,,,,,,,,,,,,,,,,,,,,,,,,,,,,158921,82417,76504,,,100,148.25,76.89,71.37,,933,,107195,584.8,41.2,13.085,7.452,35973.781,,,11.62,,,,,76.29,,,,,
OWID_ASI,,Asia,2021-10-25,78762714,93130,104864.429,1165734,1568,1515.286,16835.234,19.906,22.414,249.171,0.335,0.324,,,,,,,,,,,,,,,,,,,4648742315,2610802894,1919381733,20639303,8349466,16721521,99.37,55.8,41.03,0.44,3574,,4678444992,,,,,,,,,,,,,,,,,,
AUS,Oceania,Australia,2021-10-25,162016,1786,2102.143,1653,5,13.571,6282.559,69.256,81.516,64.099,0.194,0.526,,,,,,,,,,138247,42368964,1642.958,5.361,168130,6.52,0.013,80,tests performed,34600572,18866828,15733744,,235622,238039,134.17,73.16,61.01,,9231,,25788217,3.202,37.9,15.504,10.129,44648.71,0.5,107.791,5.07,13,16.5,,3.84,83.44,0.944,,,,
AUT,Europe,Austria,2021-10-25,801456,2850,3396.714,11261,10,11.571,88626.52,315.158,375.615,1245.263,1.106,1.28,,,,,,,,,,,,,,,,,,,11395391,5857338,5586892,273819,15045,21183,126.01,64.77,61.78,3.03,2342,,9043072,106.749,44.4,19.202,13.748,45436.686,0.7,145.183,6.35,28.4,30.9,,7.37,81.54,0.922,,,,
AZE,Asia,Azerbaijan,2021-10-25,517802,1477,2050,6915,21,19.571,50648.985,144.473,200.521,676.393,2.054,1.914,,,,,,,,,,9183,5117481,500.568,0.898,11262,1.102,0.182,5.5,tests performed,9383669,5060409,4323260,,366,26949,91.79,49.5,42.29,,2636,,10223344,119.309,32.4,6.018,3.871,15847.419,,559.812,7.11,0.3,42.5,83.241,4.7,73,0.756,,,,
BHS,North America,Bahamas,2021-10-25,22259,80,40.143,642,0,2.286,56080.158,201.555,101.137,1617.479,0,5.759,,,,,,,,,,,,,,,,,,,,,,,,,,,,,,,396914,39.497,34.3,8.996,5.2,27717.847,,235.954,13.17,3.1,20.4,,2.9,73.92,0.814,,,,
BHR,Asia,Bahrain,2021-10-25,276608,37,60,1393,0,0.286,158215.862,21.163,34.319,796.776,0,0.163,,,,,,,,,,14053,6826271,3904.53,8.038,14540,8.317,0.004,242.3,units unclear,2746461,1173571,1138329,,4924,5039,157.09,67.13,65.11,,2882,,1748295,1935.907,32.4,2.372,1.387,43290.705,,151.689,16.52,5.8,37.6,,2,77.29,0.852,,,,
BGD,Asia,Bangladesh,2021-10-25,1567981,289,307.714,27828,5,7.143,9428.431,1.738,1.85,167.333,0.03,0.043,,,,,,,,,,17283,10149283,61.029,0.104,17283,0.104,0.018,56.2,tests performed,60871683,40281045,20590638,,,513183,36.6,24.22,12.38,,3086,46.3,166303494,1265.036,27.5,5.098,3.262,3523.984,14.8,298.003,8.38,1,44.7,34.808,0.8,72.59,0.632,,,,
BRB,North America,Barbados,2021-10-25,15588,247,345.286,139,9,2.857,54179.932,858.509,1200.126,483.129,31.282,9.931,,,,,,,,,,,,,,,,,,,,,,,,,,,,,,,287708,664.463,39.8,14.952,9.473,16978.068,,170.05,13.57,1.9,14.5,88.469,5.8,79.19,0.814,,,,
BLR,Europe,Belarus,2021-10-25,588231,1997,2041.143,4530,15,16.143,62293.687,211.482,216.157,479.727,1.589,1.71,,,,,,,,,,,,,,,,,,,,,,,,,,,,,,,9442867,46.858,40.3,14.799,9.788,17167.967,,443.129,5.18,10.5,46.1,,11,74.79,0.823,,,,
BEL,Europe,Belgium,2021-10-25,1328202,15842,5595.571,25889,43,15.571,114181.9,1361.893,481.036,2225.607,3.697,1.339,,,,,,,,,,,,,,,,,,,,,,,,,,,,,,,11632334,375.564,41.8,18.571,12.849,42658.576,0.2,114.898,4.29,25.1,31.4,,5.64,81.63,0.931,,,,
BLZ,North America,Belize,2021-10-25,25881,436,204.857,476,3,1.571,63917.118,1076.769,505.926,1175.555,7.409,3.881,,,,,,,,,,,,,,,,,,,,,,,,,,,,,,,404915,16.426,25,3.853,2.279,7824.362,,176.957,17.11,,,90.083,1.3,74.62,0.716,,,,
BEN,Africa,Benin,2021-10-25,24678,118,16.857,161,0,0,1982.005,9.477,1.354,12.931,0,0,,,,,,,,,,,,,,,,,,,,,,,,,,,,,,,12451031,99.11,18.8,3.244,1.942,2064.236,49.6,235.848,0.99,0.6,12.3,11.035,0.5,61.77,0.545,,,,
BMU,North America,Bermuda,2021-10-22,,,,,,,,,,,,,,,,,,,,,,,,,,,,,,,89029,45291,43738,,,87,143.38,72.94,70.44,,1401,,62092,1308.82,,,,50669.315,,139.547,13,,,,,82.59,,,,,
BTN,Asia,Bhutan,2021-10-25,2617,0,0,3,0,0,3355.558,0,0,3.847,0,0,,,,,,,,,,,,,,,,,,,,,,,,,,,,,,,779900,21.188,28.6,4.885,2.977,8708.597,1.5,217.066,9.75,,,79.807,1.7,71.78,0.654,,,,
BOL,South America,Bolivia,2021-10-25,509919,0,397.857,18901,0,9.571,43093.193,0,33.623,1597.321,0,0.809,,,,,,,,,,,,,,,,,,,,,,,,,,,,,,,11832936,10.202,25.4,6.704,4.393,6885.829,7.1,204.299,6.89,,,25.383,1.1,71.51,0.718,,,,
BES,North America,Bonaire Sint Eustatius and Saba,2021-09-01,,,,,,,,,,,,,,,,,,,,,,,,,,,,,,,35845,19109,16736,,,196,135.55,72.26,63.29,,7412,,26445,,,,,,,,,,,,,77.79,,,,,
BIH,Europe,Bosnia and Herzegovina,2021-10-25,249349,1391,609.571,11397,75,28,76406.353,426.235,186.787,3492.307,22.982,8.58,,,,,,,,,,,1287610,394.554,,2400,0.735,0.254,3.9,tests performed,,,,,,,,,,,,,3263459,68.496,42.5,16.569,10.711,11713.895,0.2,329.635,10.08,30.2,47.7,97.164,3.5,77.4,0.78,,,,
BWA,Africa,Botswana,2021-10-25,185985,1066,276.286,2402,6,1.857,77582.97,444.678,115.252,1001.986,2.503,0.775,,,,,,,,,,,,,,,,,,,,,,,,,,,,,,,2397240,4.044,25.8,3.941,2.242,15807.374,,237.372,4.81,5.7,34.4,,1.8,69.59,0.735,,,,
BRA,South America,Brazil,2021-10-25,21735560,5797,11950,605804,160,334.143,101571.15,27.09,55.843,2830.947,0.748,1.561,,,,,,,,,,,,,,,,,,,,,,,,,,,,,,,213993441,25.04,33.5,8.552,5.06,14103.452,3.4,177.961,8.11,10.1,17.9,,2.2,75.88,0.765,,,,
VGB,North America,British Virgin Islands,2021-10-22,,,,,,,,,,,,,,,,,,,,,,,,,,,,,,,33527,17765,15762,,,32,110.2,58.39,51.81,,1052,,30423,207.973,,,,,,,13.67,,,,,79.07,,,,,
BRN,Asia,Brunei,2021-10-25,12384,271,191,81,1,0.714,28047.797,613.772,432.585,183.452,2.265,1.618,,,,,,,,,,,,,,,,,,,,,,,,,,,,,,,441532,81.347,32.4,4.591,2.382,71809.251,,201.285,12.79,2,30.9,,2.7,75.86,0.838,,,,
BGR,Europe,Bulgaria,2021-10-25,575306,5863,4244,23316,243,118.286,83418.121,850.122,615.371,3380.769,35.234,17.151,,,,,,,,,,,,,,,,,,,2743549,,1448683,13101,15160,15550,39.78,,21.01,0.19,2255,,6896655,65.18,44.7,20.801,13.272,18563.307,1.5,424.688,5.81,30.1,44.4,,7.454,75.05,0.816,,,,
BFA,Africa,Burkina Faso,2021-10-25,14793,0,5.857,214,0,1.571,688.139,0,0.272,9.955,0,0.073,,,,,,,,,,,,,,,,,,,,,,,,,,,,,,,21497097,70.151,17.6,2.409,1.358,1703.102,43.7,269.048,2.42,1.6,23.9,11.877,0.4,61.58,0.452,,,,
BDI,Africa,Burundi,2021-10-25,19945,51,30.714,38,0,0,1627.442,4.161,2.506,3.101,0,0,,,,,,,,,,,,,,,,,,,,,,,,,,,,,,,12255429,423.062,17.5,2.562,1.504,702.225,71.7,293.068,6.05,,,6.144,0.8,61.58,0.433,,,,
KHM,Asia,Cambodia,2021-10-25,117888,116,146.857,2743,9,10.429,6956.503,6.845,8.666,161.863,0.531,0.615,,,,,,,,,,,,,,,,,,,27356822,13673478,13009481,1727014,47029,86433,161.43,80.69,76.77,10.19,5100,,16946446,90.672,25.6,4.412,2.385,3645.07,,270.892,4,2,33.7,66.229,0.8,69.82,0.594,,,,
CMR,Africa,Cameroon,2021-10-25,100289,0,269.571,1600,0,7.143,3683.81,0,9.902,58.771,0,0.262,,,,,,,,,,,,,,,,,,,,,,,,,,,,,,,27224262,50.885,18.8,3.165,1.919,3364.926,23.8,244.661,7.2,,,2.735,1.3,59.29,0.563,,,,
CAN,North America,Canada,2021-10-25,1709167,3031,2257.571,28838,37,31.714,44897.838,79.621,59.304,757.541,0.972,0.833,,645,16.943,2036,53.483,,,,,77884,45754874,1201.928,2.046,87780,2.306,0.026,38.9,tests performed,58271292,29733360,28063268,474664,110107,76578,153.07,78.11,73.72,1.25,2012,,38067913,4.037,41.4,16.984,10.797,44017.591,0.5,105.599,7.37,12,16.6,,2.5,82.43,0.929,,,,
CPV,Africa,Cape Verde,2021-10-25,38148,8,14.143,349,0,0.286,67890.963,14.237,25.17,621.106,0,0.508,,,,,,,,,,,,,,,,,,,,,,,,,,,,,,,561901,135.58,25.7,4.46,3.437,6222.554,,182.219,2.42,2.1,16.5,,2.1,72.98,0.665,,,,
CYM,North America,Cayman Islands,2021-10-22,,,,,,,,,,,,,,,,,,,,,,,,,,,,,,,111772,56106,56106,1853,,232,168.08,84.37,84.37,2.79,3489,,66498,256.496,,,,49903.029,,,13.22,,,,,83.92,,,,,
CAF,Africa,Central African Republic,2021-10-25,11518,0,5.714,100,0,0,2341.063,0,1.161,20.325,0,0,,,,,,,,,,,,,,,,,,,,,,,,,,,,,,,4919987,7.479,18.3,3.655,2.251,661.24,,435.727,6.1,,,16.603,1,53.28,0.397,,,,
TCD,Africa,Chad,2021-10-25,5069,0,0,174,0,0,299.675,0,0,10.287,0,0,,,,,,,,,,,,,,,,,,,,,,,,,,,,,,,16914985,11.833,16.7,2.486,1.446,1768.153,38.4,280.995,6.1,,,5.818,,54.24,0.398,,,,
CHL,South America,Chile,2021-10-25,1683451,1623,1626.571,37685,16,9.286,87623.323,84.477,84.663,1961.497,0.833,0.483,,,,,,,,,,57449,22963268,1195.234,2.99,59046,3.073,0.028,36.3,tests performed,,,,,,,,,,,,,19212362,24.282,35.4,11.087,6.938,22767.037,1.3,127.993,8.46,34.2,41.5,,2.11,80.18,0.851,,,,
CHN,Asia,China,2021-10-25,96937,63,41.286,4636,0,0,67.121,0.044,0.029,3.21,0,0,,,,,,,,,,,,,,,,,,,,,,,,,,,,,,,1444216102,147.674,38.7,10.641,5.929,15308.712,0.7,261.899,9.74,1.9,48.4,,4.34,76.91,0.761,,,,
COL,South America,Colombia,2021-10-25,4992586,-11253,1430.143,127099,32,30.429,97386.211,-219.503,27.897,2479.214,0.624,0.594,,,,,,,,,,41115,26509571,517.1,0.802,38629,0.754,0.045,22.2,tests performed,,,,,,,,,,,,,51265841,44.223,32.2,7.646,4.312,13254.949,4.5,124.24,7.44,4.7,13.5,65.386,1.71,77.29,0.767,,,,
COM,Africa,Comoros,2021-10-25,4219,14,4.143,147,0,0,4748.688,15.758,4.663,165.456,0,0,,,,,,,,,,,,,,,,,,,,,,,,,,,,,,,888456,437.352,20.4,2.963,1.726,1413.89,18.1,261.516,11.88,4.4,23.6,15.574,2.2,64.32,0.554,,,,
COG,Africa,Congo,2021-10-25,16868,460,129.429,249,10,2.571,2981.784,81.315,22.879,44.016,1.768,0.455,,,,,,,,,,,,,,,,,,,,,,,,,,,,,,,5657017,15.405,19,3.402,2.063,4881.406,37,344.094,7.2,1.7,52.3,47.964,,64.57,0.574,,,,
COK,Oceania,Cook Islands,2021-10-18,,,,,,,,,,,,,,,,,,,,,,,,,,,,,,,23489,12297,11192,,,73,133.67,69.98,63.69,,4154,,17572,,,,,,,,,,,,,76.25,,,,,
CRI,North America,Costa Rica,2021-10-25,557165,1195,601.714,6983,37,18,108417.835,232.533,117.087,1358.811,7.2,3.503,,,,,,,,,,,,,,,,,,,,,,,,,,,,,,,5139053,96.079,33.6,9.468,5.694,15524.995,1.3,137.973,8.78,6.4,17.4,83.841,1.13,80.28,0.81,,,,
CIV,Africa,Cote d'Ivoire,2021-10-25,61208,30,19.429,690,0,0.714,2262.469,1.109,0.718,25.505,0,0.026,,,,,,,,,,,,,,,,,,,,,,,,,,,,,,,27053629,76.399,18.7,2.933,1.582,3601.006,28.2,303.74,2.42,,,19.351,,57.78,0.538,,,,
HRV,Europe,Croatia,2021-10-25,446005,680,2538.857,9060,22,21.857,109270.573,166.599,622.016,2219.687,5.39,5.355,,,,,,,,,,,3037474,744.177,,9044,2.216,0.281,3.6,people tested,,,,,,,,,,,,,4081657,73.726,44,19.724,13.053,22669.797,0.7,253.782,5.59,34.3,39.9,,5.54,78.49,0.851,,,,
CUB,North America,Cuba,2021-10-25,946960,1210,1450.143,8191,24,16,83672.204,106.914,128.133,723.747,2.121,1.414,,,,,,,,,,,,,,,,,,,,,,,,,,,,,,,11317498,110.408,43.1,14.738,9.719,,,190.968,8.27,17.1,53.3,85.198,5.2,78.8,0.783,,,,
CUW,North America,Curacao,2021-10-25,,,,,,,,,,,,,,,,,,,,,,,,,,,,,,,192023,100129,91894,,,217,116.52,60.76,55.76,,1317,,164796,362.644,41.7,16.367,10.068,,,,11.62,,,,,78.88,,,,,
CYP,Europe,Cyprus,2021-10-25,123357,361,142.143,571,2,0.857,137674.455,402.9,158.641,637.273,2.232,0.957,,,,,,,,,,60998,14547648,16236.124,68.078,50613,56.487,0.003,356.1,tests performed,,,,,,,,,,,,,896005,127.657,37.3,13.416,8.563,32415.132,,141.171,9.24,19.6,52.7,,3.4,80.98,0.887,,,,
CZE,Europe,Czechia,2021-10-25,1731287,1829,3081.571,30625,10,10.143,161432.09,170.543,287.338,2855.597,0.932,0.946,,,,,,,,,,90218,,,8.412,83674,7.802,0.04,25,tests performed,11973231,6174643,6059460,,11302,7741,111.64,57.57,56.5,,722,,10724553,137.176,43.3,19.027,11.58,32605.906,,227.485,6.82,30.5,38.3,,6.63,79.38,0.9,,,,
COD,Africa,Democratic Republic of Congo,2021-10-25,57453,21,16.429,1091,0,0,621.934,0.227,0.178,11.81,0,0,,,,,,,,,,,,,,,,,,,147734,109579,38155,,,455,0.16,0.12,0.04,,5,,92377986,35.879,17,3.02,1.745,808.133,77.1,318.949,6.1,,,4.472,,60.68,0.48,,,,
DNK,Europe,Denmark,2021-10-25,380186,1426,1254.143,2701,0,1.571,65399.32,245.299,215.737,464.624,0,0.27,,,,,,,,,,,,,,,,,,,,,,,,,,,,,,,5813302,136.52,42.3,19.677,12.325,46682.515,0.2,114.767,6.41,19.3,18.8,,2.5,80.9,0.94,,,,
DJI,Africa,Djibouti,2021-10-25,13458,7,6.143,181,0,0,13428.498,6.985,6.129,180.603,0,0,,,,,,,,,,,,,,,,,,,,,,,,,,,,,,37.96,1002197,41.285,25.4,4.213,2.38,2705.406,22.5,258.037,6.05,1.7,24.5,,1.4,67.11,0.524,,,,
DMA,North America,Dominica,2021-10-25,4574,66,60.143,30,0,0.286,63376.379,914.482,833.327,415.674,0,3.959,,,,,,,,,,,,,,,,,,,,,,,,,,,,,,,72172,98.567,,,,9673.367,,227.376,11.62,,,,3.8,75,0.742,,,,
DOM,North America,Dominican Republic,2021-10-25,376736,464,755.571,4110,2,2.857,34393.449,42.36,68.979,375.215,0.183,0.261,,,,,,,,,,,,,,,,,,,,,,,,,,,,,,,10953714,222.873,27.6,6.981,4.419,14600.861,1.6,266.653,8.2,8.5,19.1,55.182,1.6,74.08,0.756,,,,
ECU,South America,Ecuador,2021-10-25,515659,53,376.143,32953,1,7.714,28826.327,2.963,21.027,1842.136,0.056,0.431,,,,,,,,,,,,,,,,,,,,,,,,,,,,,,60.65,17888474,66.939,28.1,7.104,4.458,10581.936,3.6,140.448,5.55,2,12.3,80.635,1.5,77.01,0.759,,,,
EGY,Africa,Egypt,2021-10-25,325508,889,881.286,18333,48,45.429,3122.13,8.527,8.453,175.842,0.46,0.436,,,,,,,,,,,,,,,,,,,,,,,,,,,,,,,104258327,97.999,25.3,5.159,2.891,10550.206,1.3,525.432,17.31,0.2,50.1,89.827,1.6,71.99,0.707,,,,
SLV,North America,El Salvador,2021-10-25,112290,0,300.286,3575,11,12.143,17226.356,0,46.067,548.439,1.688,1.863,,,,,,,,,,,,,,,,,,,,,,,,,,,,,,,6518500,307.811,27.6,8.273,5.417,7292.458,2.2,167.295,8.87,2.5,18.8,90.65,1.3,73.32,0.673,,,,
GNQ,Africa,Equatorial Guinea,2021-10-25,13166,0,20.857,163,0,0.286,9080.683,0,14.385,112.422,0,0.197,,,,,,,,,,,,,,,,,,,,,,,,,,,,,,,1449891,45.194,22.4,2.846,1.752,22604.873,,202.812,7.78,,,24.64,2.1,58.74,0.592,,,,
ERI,Africa,Eritrea,2021-10-25,6795,3,2.714,45,0,0,1886.734,0.833,0.754,12.495,0,0,,,,,,,,,,,,,,,,,,,,,,,,,,,,,,,3601462,44.304,19.3,3.607,2.171,1510.459,,311.11,6.05,0.2,11.4,,0.7,66.32,0.459,,,,
EST,Europe,Estonia,2021-10-25,183320,1281,1426.429,1469,8,5.714,138335.089,966.655,1076.397,1108.522,6.037,4.312,,,,,,,,,,,,,,,,,,,1417734,784076,752387,,2569,2380,106.98,59.17,56.78,,1796,,1325188,31.033,42.7,19.452,13.491,29481.252,0.5,255.569,4.02,24.5,39.3,,4.69,78.74,0.892,,,,
SWZ,Africa,Eswatini,2021-10-25,46387,3,2.286,1242,1,1,39566.894,2.559,1.95,1059.393,0.853,0.853,,,,,,,,,,,,,,,,,,,,,,,,,,,,,,,1172369,79.492,21.5,3.163,1.845,7738.975,,333.436,3.94,1.7,16.5,24.097,2.1,60.19,0.611,,,,
ETH,Africa,Ethiopia,2021-10-25,362672,337,453.857,6377,19,19.857,3076.719,2.859,3.85,54.099,0.161,0.168,,,,,,,,,,,,,,,,,,,4349193,3264531,1084662,,55338,44775,3.69,2.77,0.92,,380,,117876226,104.957,19.8,3.526,2.063,1729.927,26.7,182.634,7.47,0.4,8.5,7.96,0.3,66.6,0.485,,,,
OWID_EUR,,Europe,2021-10-25,63579691,189050,205936,1287560,2687,2814.857,84890.298,252.416,274.962,1719.124,3.588,3.758,,,,,,,,,,,,,,,,,,,838213821,438097380,408673756,10380846,732329,1757853,111.92,58.49,54.57,1.39,2347,,748962983,,,,,,,,,,,,,,,,,,
OWID_EUN,,European Union,2021-10-25,39601949,84278,90521,791240,1022,970.143,88557.339,188.461,202.422,1769.36,2.285,2.169,,,,,,,,,,,,,,,,,,,586038222,305610899,289565983,7902419,475729,698292,131.05,68.34,64.75,1.77,1562,,447189915,,,,,,,,,,,,,,,,,,
FRO,Europe,Faeroe Islands,2021-10-21,,,,,,,,,,,,,,,,,,,,,,,,,,,,,,,76516,39114,37402,,132,108,155.99,79.74,76.25,,2202,13.89,49053,35.308,,,,,,,,,,,,80.67,,,,,
FLK,South America,Falkland Islands,2021-04-14,,,,,,,,,,,,,,,,,,,,,,,,,,,,,,,4407,2632,1775,,,12,124.91,74.6,50.31,,3401,,3528,,,,,,,,,,,,,81.44,,,,,
FJI,Oceania,Fiji,2021-10-25,52028,51,26,673,0,1.429,57623.278,56.485,28.796,745.377,0,1.582,,,,,,,,,,,,,,,,,,,1166051,624413,541638,,,4163,129.15,69.16,59.99,,4611,,902899,49.562,28.6,6.224,3.284,8702.975,1.4,412.82,14.49,10.2,34.8,,2.3,67.44,0.743,,,,
FIN,Europe,Finland,2021-10-25,154888,1732,525.857,1150,11,4.286,27915.992,312.164,94.777,207.268,1.983,0.772,,,,,,,,,,,,,,,,,,,8011362,4210212,3801150,,3765,14812,144.39,75.88,68.51,,2670,,5548361,18.136,42.8,21.228,13.264,40585.721,,153.507,5.76,18.3,22.6,,3.28,81.91,0.938,,,,
FRA,Europe,France,2021-10-25,7228331,1357,5373.571,118452,47,31.429,106984.55,20.085,79.533,1753.176,0.696,0.465,,,,,,,,,,,,,,,,,,,,,,,,,,,,,,,67564251,122.578,42,19.718,13.079,38605.671,,86.06,4.77,30.1,35.6,,5.98,82.66,0.901,,,,
PYF,Oceania,French Polynesia,2021-10-25,,,,,,,,,,,,,,,,,,,,,,,,,,,,,,,303630,156445,147185,,,165,107.47,55.37,52.09,,584,,282534,77.324,32.7,7.775,4.593,,,,22.63,,,,,77.66,,,,,
GAB,Africa,Gabon,2021-10-25,34898,297,150.857,230,6,1.714,15314.006,130.33,66.199,100.929,2.633,0.752,,,,,,,,,,,1299344,570.181,,3359,1.474,0.045,22.3,samples tested,,,,,,,,,,,,,2278829,7.859,23.1,4.45,2.976,16562.413,3.4,259.967,7.2,,,,6.3,66.47,0.703,,,,
GMB,Africa,Gambia,2021-10-25,9956,0,1.429,339,0,0,4003.318,0,0.574,136.312,0,0,,,,,,,,,,,,,,,,,,,,,,,,,,,,,,,2486937,207.566,17.5,2.339,1.417,1561.767,10.1,331.43,1.91,0.7,31.2,7.876,1.1,62.05,0.496,,,,
GEO,Asia,Georgia,2021-10-25,694182,1942,4195.571,9788,46,39.714,174427.536,487.968,1054.224,2459.437,11.558,9.979,,,,,,,,,,,,,,,,,,,,,,,,,,,,,,,3979773,65.032,38.7,14.864,10.244,9745.079,4.2,496.218,7.11,5.3,55.5,,2.6,73.77,0.812,,,,
DEU,Europe,Germany,2021-10-25,4485437,9359,13836.571,95148,27,61.143,53461.404,111.549,164.916,1134.058,0.322,0.729,,,,,,,,,,,,,,,,,,,110950353,57515720,55112701,1611622,96071,125017,132.24,68.55,65.69,1.92,1490,,83900471,237.016,46.6,21.453,15.957,45229.245,,156.139,8.31,28.2,33.1,,8,81.33,0.947,,,,
GHA,Africa,Ghana,2021-10-25,129948,143,72.571,1172,2,0.714,4095.156,4.506,2.287,36.934,0.063,0.023,,,,,,,,,,,,,,,,,,,,,,,,,,,,,,,31732128,126.719,21.1,3.385,1.948,4227.63,12,298.245,4.97,0.3,7.7,41.047,0.9,64.07,0.611,,,,
GIB,Europe,Gibraltar,2021-10-25,,,,,,,,,,,,,,,,,,,,,,,,,,,,,,,87370,40546,39803,7021,670,559,259.33,120.35,118.14,20.84,16592,,33691,3457.1,,,,,,,,,,,,79.93,,,,,
GRC,Europe,Greece,2021-10-25,720295,3937,3323.143,15682,54,37.714,69454.495,379.625,320.434,1512.138,5.207,3.637,,,,,,,,,,76793,24738112,2385.374,7.405,199075,19.196,0.017,59.9,samples tested,12583526,6602102,6346512,292816,25491,22934,121.34,63.66,61.2,2.82,2211,,10370747,83.479,45.3,20.396,14.524,24574.382,1.5,175.695,4.55,35.3,52,,4.21,82.24,0.888,,,,
GRL,North America,Greenland,2021-10-25,,,,,,,,,,,,,,,,,,,,,,,,,,,,,,,77057,40104,36953,,,43,135.5,70.52,64.98,,756,,56868,0.137,,,,,,199.941,2.16,,,,,71.7,,,,,
GRD,North America,Grenada,2021-10-25,5817,0,6.857,196,0,0.429,51471.044,0,60.675,1734.283,0,3.792,,,,,,,,,,,,,,,,,,,,,,,,,,,,,,,113015,317.132,29.4,7.304,5.021,13593.877,,243.964,10.71,,,,3.7,72.4,0.779,,,,
GTM,North America,Guatemala,2021-10-25,595067,59,972.143,14748,48,51.571,32606.647,3.233,53.268,808.115,2.63,2.826,,,,,,,,,,,,,,,,,,,,,,,,,,,,,,,18249868,157.834,22.9,4.694,3.016,7423.808,8.7,155.898,10.18,,,76.665,0.6,74.3,0.663,,,,
GGY,Europe,Guernsey,2021-10-25,,,,,,,,,,,,,,,,,,,,,,,,,,,,,,,103064,,,,,74,153.71,,,,1104,,67052,,,,,,,,,,,,,,,,,,
GIN,Africa,Guinea,2021-10-25,30642,16,10,385,0,0,2270.242,1.185,0.741,28.524,0,0,,,,,,,,,,,,,,,,,,,,,,,,,,,,,,,13497237,51.755,19,3.135,1.733,1998.926,35.3,336.717,2.42,,,17.45,0.3,61.6,0.477,,,,
GNB,Africa,Guinea-Bissau,2021-10-25,6131,0,0.143,141,0,0,3041.94,0,0.071,69.958,0,0,,,,,,,,,,,,,,,,,,,,,,,,,,,,,,,2015490,66.191,19.4,3.002,1.565,1548.675,67.1,382.474,2.42,,,6.403,,58.32,0.48,,,,
GUY,South America,Guyana,2021-10-25,35104,37,84.286,897,2,3.143,44416.945,46.816,106.646,1134.97,2.531,3.977,,,,,,,,,,,,,,,,,,,615611,377614,237997,,,1563,77.89,47.78,30.11,,1978,,790329,3.952,26.3,5.305,2.837,7435.047,,373.159,11.62,,,77.159,1.6,69.91,0.682,,,,
HTI,North America,Haiti,2021-10-25,23619,213,82.429,662,4,0.714,2046.409,18.455,7.142,57.357,0.347,0.062,,,,,,,,,,,,,,,,,,,,,,,,,,,,,,,11541683,398.448,24.3,4.8,2.954,1653.173,23.5,430.548,6.65,2.9,23.1,22.863,0.7,64,0.51,,,,
HND,North America,Honduras,2021-10-25,374148,0,281.286,10191,0,13.571,37180.585,0,27.952,1012.72,0,1.349,,,,,,,,,,,,,,,,,,,,,,,,,,,,,,,10062994,82.805,24.9,4.652,2.883,4541.795,16,240.208,7.21,2,,84.169,0.7,75.27,0.634,,,,
HKG,Asia,Hong Kong,2021-10-25,12327,4,4,213,0,0,1632.11,0.53,0.53,28.201,0,0,,,,,,,,,,,,,,,,,,,8989784,4594042,4395742,,10857,10835,119.03,60.83,58.2,,1435,,7552800,7039.714,44.8,16.303,10.158,56054.92,,,8.33,,,,,84.86,0.949,,,,
HUN,Europe,Hungary,2021-10-25,850513,6688,2017.714,30567,75,23.571,88280.953,694.196,209.433,3172.772,7.785,2.447,,,,,,,,,,53290,6839387,709.91,5.531,16839,1.748,0.12,8.3,tests performed,,5941073,5721531,1120000,,,,61.67,59.39,11.63,,,9634162,108.043,43.4,18.577,11.976,26777.561,0.5,278.296,7.55,26.8,34.8,,7.02,76.88,0.854,,,,
ISL,Europe,Iceland,2021-10-25,13142,243,75.429,33,0,0,38274.697,707.712,219.678,96.109,0,0,,,,,,,,,,,,,,,,,,,,,,,,,,,,,,,343360,3.404,37.3,14.431,9.207,46482.958,0.2,117.992,5.31,14.3,15.2,,2.91,82.99,0.949,,,,
IND,Asia,India,2021-10-25,34202202,12428,15404.143,455068,356,373.429,24545.701,8.919,11.055,326.586,0.255,0.268,,,,,,,,,,998397,600769717,431.151,0.717,1263549,0.907,0.011,92.7,samples tested,1024149949,718444141,305705808,,1882099,6456459,73.5,51.56,21.94,,4634,,1393409033,450.419,28.2,5.989,3.414,6426.674,21.2,282.28,10.39,1.9,20.6,59.55,0.53,69.66,0.645,,,,
IDN,Asia,Indonesia,2021-10-25,4240479,460,727.857,143235,30,33.714,15343.941,1.664,2.634,518.288,0.109,0.122,,,,,,,,,,,,,,,,,,,181688388,113424379,68264009,,740180,1502653,65.74,41.04,24.7,,5437,51.39,276361788,145.725,29.3,5.319,3.053,11188.744,5.7,342.864,6.32,2.8,76.1,64.204,1.04,71.72,0.718,,,,
OWID_INT,,International,2021-10-25,721,0,0,15,0,0,,,,,,,,,,,,,,,,,,,,,,,,,,,,,,,,,,,,,,,,,,,,,,,,,,,,,,,
IRN,Asia,Iran,2021-10-25,5868360,7516,10243,125363,140,158.143,69016.178,88.394,120.465,1474.36,1.647,1.86,,,,,,,,,,,34867146,410.063,,107202,1.261,0.096,10.5,tests performed,81360772,51158858,30139400,62514,,1035299,95.69,60.17,35.45,0.07,12176,,85028760,49.831,32.4,5.44,3.182,19082.62,0.2,270.308,9.59,0.8,21.1,,1.5,76.68,0.783,,,,
IRQ,Asia,Iraq,2021-10-25,2047811,1537,1542.714,22993,32,29.714,49729.074,37.325,37.463,558.362,0.777,0.722,,,,,,,,,,,,,,,,,,,,,,,,,,,,,,,41179351,88.125,20,3.186,1.957,15663.986,2.5,218.612,8.83,,,94.576,1.4,70.6,0.674,,,,
IRL,Europe,Ireland,2021-10-25,431722,1845,2147.429,5369,0,9,86640.642,370.266,430.959,1077.484,0,1.806,,,,,,,,,,,,,,,,,,,,,,,,,,,,,,,4982904,69.874,38.7,13.928,8.678,67335.293,0.2,126.459,3.28,23,25.7,,2.96,82.3,0.955,,,,
IMN,Europe,Isle of Man,2021-10-25,,,,,,,,,,,,,,,,,,,,,,,,,,,,,,,131770,67434,64336,,,91,154.28,78.95,75.33,,1065,,85410,147.872,,,,,,,,,,,,81.4,,,,,
ISR,Asia,Israel,2021-10-25,1324040,961,897.429,8062,13,7.429,150634.1,109.332,102.099,917.202,1.479,0.845,,160,18.203,420,47.783,,,,,104838,29607574,3368.411,11.927,87547,9.96,0.01,97.6,tests performed,15856058,6222551,5718253,3915254,12945,11913,180.39,70.79,65.06,44.54,1355,,8789776,402.606,30.6,11.733,7.359,33132.32,0.5,93.32,6.74,15.4,35.4,,2.99,82.97,0.919,,,,
ITA,Europe,Italy,2021-10-25,4743720,2535,3461,131856,30,38.714,78580.731,41.993,57.332,2184.223,0.497,0.641,,,,,,,,,,222385,101271474,1677.584,3.684,475311,7.874,0.007,137.3,tests performed,88924377,46500037,42807146,1107187,161667,154796,147.31,77.03,70.91,1.83,2564,,60367471,205.859,47.9,23.021,16.24,35220.084,2,113.151,4.78,19.8,27.8,,3.18,83.51,0.892,,,,
JAM,North America,Jamaica,2021-10-25,88431,172,120.714,2183,4,9.429,29740.081,57.845,40.597,734.161,1.345,3.171,,,,,,,,,,,,,,,,,,,896658,580421,361567,,3029,3094,30.16,19.52,12.16,,1041,,2973462,266.879,31.4,9.684,6.39,8193.571,,206.537,11.28,5.3,28.6,66.425,1.7,74.47,0.734,,,,
JPN,Asia,Japan,2021-10-25,1717851,153,300.857,18214,7,12.143,13628.244,1.214,2.387,144.497,0.056,0.096,,,,,,,,,,,,,,,,,,,185979201,97181292,88797909,,900186,714734,147.54,77.1,70.45,,5670,,126050796,347.778,48.2,27.049,18.493,39002.223,,79.37,5.72,11.2,33.7,,13.05,84.63,0.919,,,,
JEY,Europe,Jersey,2021-10-20,,,,,,,,,,,,,,,,,,,,,,,,,,,,,,,166909,78537,74457,,,569,165.14,77.7,73.67,,5630,,101073,,,,,,,,,,,,,,,,,,
JOR,Asia,Jordan,2021-10-25,853012,1602,1401.143,10965,14,11.143,83066.528,156.003,136.444,1067.775,1.363,1.085,,,,,,,,,,,,,,,,,,,7378157,3898463,3479694,,23383,18324,71.85,37.96,33.89,,1784,,10269022,109.285,23.2,3.81,2.361,8337.49,0.1,208.257,11.75,,,,1.4,74.53,0.729,,,,
KAZ,Asia,Kazakhstan,2021-10-25,1009918,1363,1768.714,16957,86,34.857,53167.688,71.756,93.115,892.711,4.528,1.835,,,,,,,,,,,,,,,,,,,15497251,8168114,7329137,,19611,48431,81.59,43,38.58,,2550,,18994958,6.681,30.6,6.991,4.625,24055.588,0.1,466.792,7.11,7,43.1,98.999,6.7,73.6,0.825,,,,
KEN,Africa,Kenya,2021-10-25,252688,16,88.857,5260,3,5.143,4595.522,0.291,1.616,95.661,0.055,0.094,,,,,,,,,,,,,,,,,,,,,,,,,,,,,,,54985702,87.324,20,2.686,1.528,2993.028,36.8,218.637,2.92,1.2,20.4,24.651,1.4,66.7,0.601,,,,
KIR,Oceania,Kiribati,2021-10-25,2,0,0,,,0,16.476,0,0,,,0,,,,,,,,,,,,,,,,,,,65279,54026,11253,,,1065,53.78,44.51,9.27,,8774,,121388,143.701,23.2,3.895,2.21,1981.132,,434.657,22.66,35.9,58.9,,1.9,68.37,0.63,,,,
OWID_KOS,Europe,Kosovo,2021-10-25,160638,3,13.857,2975,1,0.286,90481.013,1.69,7.805,1675.699,0.563,0.161,,,,,,,,,,,,,,,,,,,,,,,,,,,,,,,1775378,168.155,,,,9795.834,0.6,,,,,,,,,,,,
KWT,Asia,Kuwait,2021-10-25,412557,30,26.571,2461,0,0.429,95310.604,6.931,6.139,568.55,0,0.099,,,,,,,,,,,,,,,,,,,,,,,,,,,,,,,4328553,232.128,33.7,2.345,1.114,65530.537,,132.235,15.84,2.7,37,,2,75.49,0.806,,,,
KGZ,Asia,Kyrgyzstan,2021-10-25,180629,66,102.286,2655,2,2.714,27250.987,9.957,15.432,400.552,0.302,0.409,,,,,,,,,,,,,,,,,,,1677709,953834,721857,,10570,9352,25.31,14.39,10.89,,1411,49.07,6628347,32.333,26.3,4.489,2.882,3393.474,1.4,436.362,7.11,3.6,50.5,89.22,4.5,71.45,0.697,,,,
LAO,Asia,Laos,2021-10-25,36248,615,562,53,1,1.857,4912.08,83.341,76.158,7.182,0.136,0.252,,,,,,,,,,,670820,90.905,,3016,0.409,0.186,5.4,people tested,,,,,,,,,,,,,7379358,29.715,24.4,4.029,2.322,6397.36,22.7,368.111,4,7.3,51.2,49.839,1.5,67.92,0.613,,,,
LVA,Europe,Latvia,2021-10-25,203460,887,2370.143,3049,21,21.714,108980.821,475.111,1269.538,1633.159,11.248,11.631,,,,,,,,,,7279,4756627,2547.828,3.899,17360,9.299,0.137,7.3,tests performed,1874349,1103281,977902,,7453,10551,100.4,59.1,52.38,,5652,70.37,1866934,31.212,43.9,19.754,14.136,25063.846,0.7,350.06,4.91,25.6,51,,5.57,75.29,0.866,,,,
LBN,Asia,Lebanon,2021-10-25,638054,235,549.286,8459,6,4.143,94259.088,34.716,81.145,1249.64,0.886,0.612,,,,,,,,,,,,,,,,,,,,,,,,,,,,,,,6769151,594.561,31.1,8.514,5.43,13367.565,,266.591,12.71,26.9,40.7,,2.9,78.93,0.744,,,,
LSO,Africa,Lesotho,2021-10-25,21587,0,8.143,656,0,0.143,9998.3,0,3.771,303.835,0,0.066,,,,,,,,,,,,,,,,,,,,,,,,,,,,,,,2159067,73.562,22.2,4.506,2.647,2851.153,59.6,405.126,3.94,0.4,53.9,2.117,,54.33,0.527,,,,
LBR,Africa,Liberia,2021-10-25,5811,0,0.571,287,0,0.143,1121.77,0,0.11,55.403,0,0.028,,,,,,,,,,,,,,,,,,,,,,,,,,,,,,,5180208,49.127,19.2,3.057,1.756,752.788,38.6,272.509,2.42,1.5,18.1,1.188,0.8,64.1,0.48,,,,
LBY,Africa,Libya,2021-10-25,354215,589,512.429,5028,22,17.714,50903.652,84.644,73.64,722.566,3.162,2.546,,,,,,,,,,,,,,,,,,,,,,,,,,,,,,,6958538,3.623,29,4.424,2.816,17881.509,,341.862,10.43,,,,3.7,72.91,0.724,,,,
LIE,Europe,Liechtenstein,2021-10-25,3629,6,5.714,60,0,0,94865.896,156.846,149.377,1568.463,0,0,,,,,,,,,,,,,,,,,,,,,,,,,,,,,,,38254,237.012,,,,,,,7.77,,,,2.397,82.49,0.919,,,,
LTU,Europe,Lithuania,2021-10-25,390031,1846,2844.571,5661,28,29.286,145000.375,686.281,1057.516,2104.569,10.409,10.887,,,,,,,,,,,,,,,,,,,3357702,1798255,1643889,68240,7831,4851,124.83,66.85,61.11,2.54,1803,,2689862,45.135,43.5,19.002,13.778,29524.265,0.7,342.989,3.67,21.3,38,,6.56,75.93,0.882,,,,
LUX,Europe,Luxembourg,2021-10-25,80603,0,88.714,842,0,0.429,126971.05,0,139.748,1326.373,0,0.675,,,,,,,,,,,,,,,,,,,,,,,,,,,,,,,634814,231.447,39.7,14.312,9.842,94277.965,0.2,128.275,4.42,20.9,26,,4.51,82.25,0.916,,,,
MAC,Asia,Macao,2021-10-25,,,,,,,,,,,,,,,,,,,,,,,,,,,,,,,790170,451006,343230,,,5522,120.02,68.5,52.13,,8387,,658391,20546.766,39.2,9.798,4.991,104861.851,,,,,,,,84.24,,,,,
MDG,Africa,Madagascar,2021-10-25,43622,0,0.857,960,0,0,1534.509,0,0.03,33.77,0,0,,,,,,,,,,,,,,,,,,,,,,,,,,,,,,,28427333,43.951,19.6,2.929,1.686,1416.44,77.6,405.994,3.94,,,50.54,0.2,67.04,0.528,,,,
MWI,Africa,Malawi,2021-10-25,61765,8,5.571,2296,0,0.286,3143.628,0.407,0.284,116.859,0,0.015,,,,,,,,,,,,,,,,,,,1193596,933856,540186,,4907,6094,6.07,4.75,2.75,,310,,19647681,197.519,18.1,2.979,1.783,1095.042,71.4,227.349,3.94,4.4,24.7,8.704,1.3,64.26,0.483,,,,
MYS,Asia,Malaysia,2021-10-25,2436498,4782,5768.143,28492,92,71.286,74337.427,145.899,175.986,869.289,2.807,2.175,,,,,,,,,,,,,,,,,,,49253453,25389590,23906468,123771,184162,172432,150.27,77.46,72.94,0.38,5261,,32776195,96.254,29.9,6.293,3.407,26808.164,0.1,260.942,16.74,1,42.4,,1.9,76.16,0.81,,,,
MDV,Asia,Maldives,2021-10-25,87071,149,122.857,240,0,0.286,160168.868,274.089,225.998,441.485,0,0.526,,,,,,,,,,,,,,,,,,,,,,,,,,,,,,,543620,1454.433,30.6,4.12,2.875,15183.616,,164.905,9.19,2.1,55,95.803,,78.92,0.74,,,,
MLI,Africa,Mali,2021-10-25,15866,18,31.857,559,1,0.286,760.75,0.863,1.528,26.803,0.048,0.014,,,,,,,,,,,,,,,,,,,,,,,,,,,,,,,20855724,15.196,16.4,2.519,1.486,2014.306,,268.024,2.42,1.6,23,52.232,0.1,59.31,0.434,,,,
MLT,Europe,Malta,2021-10-25,37564,13,14.286,460,1,0.143,73001.609,25.264,27.763,893.961,1.943,0.278,,,,,,,,,,1541,1332026,2588.65,2.995,1818,3.533,0.008,127.3,tests performed,,,,,,,,,,,,43.52,514564,1454.037,42.4,19.426,11.324,36513.323,0.2,168.711,8.83,20.9,30.2,,4.485,82.53,0.895,,,,
MHL,Oceania,Marshall Islands,2021-10-25,4,0,0,,,0,67.094,0,0,,,0,,,,,,,,,,,,,,,,,,,,,,,,,,,,,,,59618,295.15,,,,3819.202,,557.793,30.53,,,82.502,2.7,73.7,0.704,,,,
MRT,Africa,Mauritania,2021-10-25,36989,34,38.143,792,0,0.429,7746.209,7.12,7.988,165.86,0,0.09,,,,,,,,,,,,,,,,,,,,,,,,,,,,,,,4775110,4.289,20.3,3.138,1.792,3597.633,6,232.347,2.42,,,15.95,,64.92,0.546,,,,
MUS,Africa,Mauritius,2021-10-25,17143,96,67.714,153,5,2.714,13462.088,75.387,53.175,120.148,3.926,2.131,,,,,,,,,,,,,,,,,,,,,,,,,,,,,,,1273428,622.962,37.4,10.945,5.884,20292.745,0.5,224.644,22.02,3.2,40.7,,3.4,74.99,0.804,,,,
MEX,North America,Mexico,2021-10-25,3784448,2787,3711.286,286496,237,288.429,29052.537,21.395,28.491,2199.379,1.819,2.214,,,,,,,,,,,,,,,,,,,,,,,,,,,,,,,130262220,66.444,29.3,6.857,4.321,17336.469,2.5,152.783,13.06,6.9,21.4,87.847,1.38,75.05,0.779,,,,
FSM,Oceania,Micronesia (country),2021-10-25,1,0,0,,,0,8.602,0,0,,,0,,,,,,,,,,,,,,,,,,,,,,,,,,,,,,,116255,150.777,23,4.81,2.392,3299.464,16,454.343,12.02,,,,,67.88,0.62,,,,
MDA,Europe,Moldova,2021-10-25,329294,1294,1627.857,7535,38,37.429,81831.997,321.569,404.535,1872.503,9.443,9.301,,,,,,,,,,,1965179,488.362,,7936,1.972,0.205,4.9,tests performed,,,,,,,,,,,,,4024025,123.655,37.6,10.864,6.955,5189.972,0.2,408.502,5.72,5.9,44.6,86.979,5.8,71.9,0.75,,,,
MCO,Europe,Monaco,2021-10-25,3394,5,4.429,36,0,0.143,85880.567,126.518,112.059,910.931,0,3.615,,,,,,,,,,,,,,,,,,,,,,,,,,,,,,,39520,19347.5,,,,,,,5.46,,,,13.8,86.75,,,,,
MNG,Asia,Mongolia,2021-10-25,351835,2326,1570.857,1677,17,14.714,105678.942,698.649,471.831,503.712,5.106,4.42,,,,,,,,,,5304,4192592,1259.308,1.593,8419,2.529,0.187,5.4,samples tested,,,,,,,,,,,,37.04,3329282,1.98,28.6,4.031,2.421,11840.846,0.5,460.043,4.82,5.5,46.5,71.18,7,69.87,0.737,,,,
MNE,Europe,Montenegro,2021-10-25,141292,370,463.571,2071,6,5,224968.991,589.124,738.111,3297.503,9.553,7.961,,,,,,,,,,,,,,,,,,,494462,255509,238953,,352,1435,78.73,40.68,38.05,,2285,,628051,46.28,39.1,14.762,9.395,16409.288,1,387.305,10.08,44,47.9,,3.861,76.88,0.829,,,,
MSR,North America,Montserrat,2021-10-08,,,,,,,,,,,,,,,,,,,,,,,,,,,,,,,2911,1502,1409,,,3,58.44,30.15,28.29,,602,,4981,,,,,,,,,,,,,74.16,,,,,
MAR,Africa,Morocco,2021-10-25,944378,101,299.714,14621,9,8.571,25288.081,2.705,8.026,391.514,0.241,0.23,,,,,,,,,,,,,,,,,,,,,,,,,,,,,,,37344787,80.08,29.6,6.769,4.209,7485.013,1,419.146,7.14,0.8,47.1,,1.1,76.68,0.686,,,,
MOZ,Africa,Mozambique,2021-10-25,151226,1,16.286,1928,0,0.143,4701.856,0.031,0.506,59.945,0,0.004,,,,,,,,,,,,,,,,,,,,,,,,,,,,,,,32163045,37.728,17.7,3.158,1.87,1136.103,62.9,329.942,3.3,5.1,29.1,12.227,0.7,60.85,0.456,,,,
MMR,Asia,Myanmar,2021-10-25,494974,711,871.286,18560,22,24.571,9031.381,12.973,15.898,338.649,0.401,0.448,,,,,,,,,,,,,,,,,,,,,,,,,,,,,,90.74,54806014,81.721,29.1,5.732,3.12,5591.597,6.4,202.104,4.61,6.3,35.2,79.287,0.9,67.13,0.583,,,,
NAM,Africa,Namibia,2021-10-25,128849,25,70.857,3550,0,1.429,49799.717,9.662,27.386,1372.063,0,0.552,,,,,,,,,,,,,,,,,,,,,,,,,,,,,,,2587344,3.078,22,3.552,2.085,9541.808,13.4,243.811,3.94,9.7,34.2,44.6,,63.71,0.646,,,,
NRU,Oceania,Nauru,2021-08-31,,,,,,,,,,,,,,,,,,,,,,,,,,,,,,,14863,7612,7251,,,2,136.7,70.01,66.69,,184,,10873,682.45,,,,12895.635,,,24.07,43,36.9,,5,59.96,,,,,
NPL,Asia,Nepal,2021-10-25,809729,673,595.571,11361,13,9.714,27286.645,22.679,20.07,382.849,0.438,0.327,,,,,,,,,,8284,4376796,147.491,0.279,6903,0.233,0.086,11.6,tests performed,,,,,,,,,,,,,29674920,204.43,25,5.809,3.212,2442.804,15,260.797,7.26,9.5,37.8,47.782,0.3,70.78,0.602,,,,
NLD,Europe,Netherlands,2021-10-25,2127556,5309,5290.571,18758,6,10.571,123888.916,309.146,308.073,1092.29,0.349,0.616,,,,,,,,,,,,,,,,,,,,,,,,,,,,,,,17173094,508.544,43.2,18.779,11.881,48472.545,,109.361,5.29,24.4,27.3,,3.32,82.28,0.944,,,,
NCL,Oceania,New Caledonia,2021-10-25,,,,,,,,,,,,,,,,,,,,,,,,,,,,,,,324466,174092,150374,,,1706,112.58,60.4,52.17,,5919,,288217,15.342,33.4,9.954,6.489,,,,23.36,,,,,77.55,,,,,
NZL,Oceania,New Zealand,2021-10-25,5823,73,95.571,28,0,0,1197.99,15.019,19.662,5.761,0,0,,,,,,,,,,24343,3947612,812.159,5.008,24934,5.13,0.004,260.9,tests performed,6634258,3646869,2987389,,,35125,136.49,75.03,61.46,,7226,81.02,4860642,18.206,37.9,15.322,9.72,36085.843,,128.797,8.08,14.8,17.2,,2.61,82.29,0.931,,,,
NIC,North America,Nicaragua,2021-10-25,16241,0,72,207,0,0.143,2423.169,0,10.742,30.885,0,0.021,,,,,,,,,,,,,,,,,,,,,,,,,,,,,,,6702379,51.667,27.3,5.445,3.519,5321.444,3.2,137.016,11.47,,,,0.9,74.48,0.66,,,,
NER,Africa,Niger,2021-10-25,6260,6,11.857,208,1,0.429,249.097,0.239,0.472,8.277,0.04,0.017,,,,,,,,,,,,,,,,,,,,,,,,,,,,,,,25130810,16.955,15.1,2.553,1.378,926,44.5,238.339,2.42,0.1,15.4,8.978,0.3,62.42,0.394,,,,
NGA,Africa,Nigeria,2021-10-25,211171,711,254.857,2884,2,6.571,998.913,3.363,1.206,13.642,0.009,0.031,,,,,,,,,,,,,,,,,,,,,,,,,,,,,,,211400704,209.588,18.1,2.751,1.447,5338.454,,181.013,2.42,0.6,10.8,41.949,,54.69,0.539,,,,
NIU,Oceania,Niue,2021-08-02,,,,,,,,,,,,,,,,,,,,,,,,,,,,,,,2352,1202,1150,,,42,145.72,74.47,71.25,,26022,,1614,,,,,,,,,,,,,73.71,,,,,
OWID_NAM,,North America,2021-10-25,54756977,113282,82645.143,1114402,1837,2019.286,91784.604,189.885,138.531,1867.98,3.079,3.385,,,,,,,,,,,,,,,,,,,666627322,359900650,301339479,15298965,777521,1574790,111.74,60.33,50.51,2.56,2640,,596581283,,,,,,,,,,,,,,,,,,
MKD,Europe,North Macedonia,2021-10-25,199901,135,386.286,7062,11,14,95983.456,64.821,185.477,3390.854,5.282,6.722,,,,,,,,,,,,,,,,,,,,,,,,,,,,,,,2082661,82.6,39.1,13.26,8.16,13111.214,5,322.688,10.08,,,,4.28,75.8,0.774,,,,
OWID_CYN,Asia,Northern Cyprus,2021-10-22,,,,,,,,,,,,,,,,,,,,,,,,,,,,,,,546076,275175,258587,46158,,2110,142.87,71.99,67.65,12.08,5520,,,,,,,,,,,,,,,,,,,,
NOR,Europe,Norway,2021-10-25,201410,893,644.857,894,0,1.429,36850.287,163.385,117.984,163.568,0,0.261,,,,,,,,,,,,,,,,,,,,,,,,,,,,,,,5465629,14.462,39.7,16.821,10.813,64800.057,0.2,114.316,5.31,19.6,20.7,,3.6,82.4,0.957,,,,
OWID_OCE,,Oceania,2021-10-25,247804,2178,2657.714,2690,5,18.714,5733.555,50.393,61.493,62.24,0.116,0.433,,,,,,,,,,,,,,,,,,,43977740,24095114,19882626,,620372,299119,101.75,55.75,46,,6921,,43219954,,,,,,,,,,,,,,,,,,
OMN,Asia,Oman,2021-10-25,304183,20,16.714,4110,0,0.571,58234.942,3.829,3.2,786.847,0,0.109,,,,,,,,,,,,,,,,,,,,,,,,,,,,,,,5223376,14.98,30.7,2.355,1.53,37960.709,,266.342,12.61,0.5,15.6,97.4,1.6,77.86,0.813,,,,
PAK,Asia,Pakistan,2021-10-25,1269806,572,593.714,28392,6,13.143,5638.572,2.54,2.636,126.075,0.027,0.058,,,,,,,,,,42095,20530153,91.164,0.187,42033,0.187,0.014,70.8,tests performed,,,,,,,,,,,,26.85,225199929,255.573,23.5,4.495,2.78,5034.708,4,423.031,8.35,2.8,36.7,59.607,0.6,67.27,0.557,,,,
PLW,Oceania,Palau,2021-10-25,8,0,0,,,0,440.189,0,0,,,0,,,,,,,,,,,,,,,,,,,,,,,,,,,,,,,18174,47.237,,,,13240.405,,,15.89,7.7,22.7,,4.8,73.7,0.826,,,,
PSE,Asia,Palestine,2021-10-25,451459,1149,448.143,4636,25,7.286,86440.76,219.999,85.806,887.654,4.787,1.395,,,,,,,,,,4863,,,0.931,4776,0.914,0.094,10.7,tests performed,,,,,,,,,,,,,5222756,778.202,20.4,3.043,1.726,4449.898,1,265.91,10.59,,,,,74.05,0.708,,,,
PAN,North America,Panama,2021-10-25,471669,266,182,7310,3,2.286,107648.081,60.709,41.537,1668.347,0.685,0.522,,,,,,,,,,,,,,,,,,,5408906,2968949,2358576,,5327,10116,123.45,67.76,53.83,,2309,,4381583,55.133,29.7,7.918,5.03,22267.037,2.2,128.346,8.33,2.4,9.9,,2.3,78.51,0.815,,,,
PNG,Oceania,Papua New Guinea,2021-10-25,27895,268,434,335,0,3.714,3058.996,29.389,47.593,36.736,0,0.407,,,,,,,,,,,,,,,,,,,290513,183856,106657,,,4778,3.19,2.02,1.17,,524,,9119005,18.22,22.6,3.808,2.142,3823.194,,561.494,17.65,23.5,48.8,,,64.5,0.555,,,,
PRY,South America,Paraguay,2021-10-25,460754,53,28.714,16232,2,0.571,63819.517,7.341,3.977,2248.311,0.277,0.079,,,,,,,,,,,,,,,,,,,,,,,,,,,,,,,7219641,17.144,26.5,6.378,3.833,8827.01,1.7,199.128,8.27,5,21.6,79.602,1.3,74.25,0.728,,,,
PER,South America,Peru,2021-10-25,2195859,0,780.429,200052,0,24.286,65824.266,0,23.395,5996.868,0,0.728,,,,,,,,,,,,,,,,,,,,,,,,,,,,,,,33359415,25.129,29.1,7.151,4.455,12236.706,3.5,85.755,5.95,4.8,,,1.6,76.74,0.777,,,,
PHL,Asia,Philippines,2021-10-25,2761307,4384,4860.143,41942,149,168.714,24866.131,39.479,43.767,377.696,1.342,1.519,,,,,,,,,,,,,,,,,,,56254529,,25955669,,538836,495882,50.66,,23.37,,4466,,111046910,351.873,25.2,4.803,2.661,7599.188,,370.437,7.07,7.8,40.8,78.463,1,71.23,0.718,,,,
PCN,Oceania,Pitcairn,2021-09-07,,,,,,,,,,,,,,,,,,,,,,,,,,,,,,,94,47,47,,,0,200,100,100,,0,,47,,,,,,,,,,,,,,,,,,
POL,Europe,Poland,2021-10-25,2975880,2953,4964.857,76447,0,47.429,78733.233,78.128,131.356,2022.568,0,1.255,,,,,,,,,,25288,21442925,567.318,0.669,44000,1.164,0.113,8.9,people tested,,,,,,,,,,,,,37797000,124.027,41.8,16.763,10.202,27216.445,,227.331,5.91,23.3,33.1,,6.62,78.73,0.88,,,,
PRT,Europe,Portugal,2021-10-25,1085451,313,764.857,18138,5,5.429,106752.48,30.783,75.223,1783.845,0.492,0.534,,,,,,,,,,,,,,,,,,,,,,,,,,,,,,,10167923,112.371,46.2,21.502,14.924,27936.896,0.5,127.842,9.85,16.3,30,,3.39,82.05,0.864,,,,
QAT,Asia,Qatar,2021-10-25,238640,122,92,609,0,0.143,81432.536,41.631,31.394,207.813,0,0.049,,,,,,,,,,5685,2799372,955.246,1.94,5327,1.818,,,people tested,4815431,,,,3738,3116,164.32,,,,1063,,2930524,227.322,31.9,1.307,0.617,116935.6,,176.69,16.52,0.8,26.9,,1.2,80.23,0.848,,,,
ROU,Europe,Romania,2021-10-25,1571115,9187,14816.286,44980,301,419.714,82137.899,480.296,774.595,2351.555,15.736,21.943,,,,,,,,,,,,,,55867,2.921,0.265,3.8,tests performed,11978451,,5974029,,127570,105835,62.62,,31.23,,5533,,19127772,85.129,43,17.85,11.69,23313.199,5.7,370.946,9.74,22.9,37.1,,6.892,76.05,0.828,,,,
RUS,Europe,Russia,2021-10-25,8149946,36947,35140.429,227506,1042,1026.143,55855.206,253.214,240.833,1559.2,7.141,7.033,,,,,,,,,,,,,,,,,,,,,,,,,,,,,,,145912022,8.823,39.6,14.178,9.393,24765.954,0.1,431.297,6.18,23.4,58.3,,8.05,72.58,0.824,,,,
RWA,Africa,Rwanda,2021-10-25,99431,57,35.714,1320,0,1,7489.238,4.293,2.69,99.424,0,0.075,,,,,,,,,,,3057175,230.269,,8501,0.64,0.004,238,samples tested,,,,,,,,,,,,57.41,13276517,494.869,20.3,2.974,1.642,1854.211,56,191.375,4.28,4.7,21,4.617,,69.02,0.543,,,,
SHN,Africa,Saint Helena,2021-05-05,,,,,,,,,,,,,,,,,,,,,,,,,,,,,,,7892,4361,3531,,,97,129.48,71.55,57.93,,15915,,6095,,,,,,,,,,,,,80.56,,,,,
KNA,North America,Saint Kitts and Nevis,2021-10-25,2637,12,11.571,21,0,0,49247.376,224.106,216.103,392.186,0,0,,,,,,,,,,172,51024,952.9,3.212,210,3.922,0.055,18.1,people tested,,,,,,,,,,,,,53546,212.865,,,,24654.385,,,12.84,,,,2.3,76.23,0.779,,,,
LCA,North America,Saint Lucia,2021-10-25,12433,7,28.429,250,9,1.857,67423.712,37.961,154.167,1355.741,48.807,10.071,,,,,,,,,,,,,,,,,,,,,,,,,,,,,,,184401,293.187,34.9,9.721,6.405,12951.839,,204.62,11.62,,,87.202,1.3,76.2,0.759,,,,
VCT,North America,Saint Vincent and the Grenadines,2021-10-25,4860,10,33.286,63,3,1.429,43677.934,89.872,299.146,566.195,26.962,12.839,,,,,,,,,,,,,,,,,,,40130,24242,15888,,,297,36.07,21.79,14.28,,2669,,111269,281.787,31.8,7.724,4.832,10727.146,,252.675,11.62,,,,2.6,72.53,0.738,,,,
WSM,Oceania,Samoa,2021-10-25,3,0,0,,,0,14.989,0,0,,,0,,,,,,,,,,,,,,,,,,,194141,115545,78596,,,782,97,57.73,39.27,,3907,,200144,69.413,22,5.606,3.564,6021.557,,348.977,9.21,16.7,38.1,,,73.32,0.715,,,,
SMR,Europe,San Marino,2021-10-25,5509,12,4.857,92,1,0.143,161981.77,352.837,142.815,2705.087,29.403,4.2,,,,,,,,,,,,,,,,,,,,,,,,,,,,,,,34010,556.667,,,,56861.47,,,5.64,,,,3.8,84.97,,,,,
STP,Africa,Sao Tome and Principe,2021-10-25,3697,0,2.857,56,0,0,16551.459,0,12.791,250.712,0,0,,,,,,,,,,,,,,,,,,,,,,,,,,,,,,,223364,212.841,18.7,2.886,2.162,3052.714,32.3,270.113,2.42,,,41.34,2.9,70.39,0.625,,,,
SAU,Asia,Saudi Arabia,2021-10-25,548303,51,47.714,8780,2,2.143,15514.784,1.443,1.35,248.439,0.057,0.061,,,,,,,,,,,,,,,,,,,45352626,24108157,21244469,,85787,93378,128.33,68.22,60.11,,2642,,35340680,15.322,31.9,3.295,1.845,49045.411,,259.538,17.72,1.8,25.4,,2.7,75.13,0.854,,,,
SEN,Africa,Senegal,2021-10-25,73896,3,3.286,1878,0,1,4297.201,0.174,0.191,109.209,0,0.058,,,,,,,,,,1153,847656,49.293,0.067,1257,0.073,0.003,382.5,tests performed,,,,,,,,,,,,,17196308,82.328,18.7,3.008,1.796,2470.58,38,241.219,2.42,0.4,16.6,20.859,,67.94,0.512,,,,
SRB,Europe,Serbia,2021-10-25,1104117,5908,6974.429,9571,62,59.143,159826.462,855.213,1009.583,1385.45,8.975,8.561,,274,39.663,6721,972.898,,,,,19718,6179407,894.5,2.854,22711,3.288,0.307,3.3,people tested,,,,,,,,,,,,,6908224,80.291,41.2,17.366,,14048.881,,439.415,10.08,37.7,40.2,97.719,5.609,76,0.806,,,,
SYC,Africa,Seychelles,2021-10-25,22135,33,26.857,119,0,0,223789.303,333.637,271.531,1203.114,0,0,,,,,,,,,,,,,,,,,,,165206,81021,76188,,,581,167.03,81.91,77.03,,5874,,98910,208.354,36.2,8.606,5.586,26382.287,1.1,242.648,10.55,7.1,35.7,,3.6,73.4,0.796,,,,
SLE,Africa,Sierra Leone,2021-10-25,6397,0,0,121,0,0,785.743,0,0,14.862,0,0,,,,,,,,,,,,,,,,,,,,,,,,,,,,,,,8141343,104.7,19.1,2.538,1.285,1390.3,52.2,325.721,2.42,8.8,41.3,19.275,,54.7,0.452,,,,
SGP,Asia,Singapore,2021-10-25,175818,3174,3583.857,329,14,12.857,29816.419,538.269,607.775,55.794,2.374,2.18,,64,10.854,,,,,,,,,,,,,,,,,,,,,,,,,,,,5896684,7915.731,42.4,12.922,7.049,85535.383,,92.243,10.99,5.2,28.3,,2.4,83.62,0.938,,,,
SXM,North America,Sint Maarten (Dutch part),2021-10-22,,,,,,,,,,,,,,,,,,,,,,,,,,,,,,,50410,26220,24190,,,27,116.1,60.39,55.71,,622,,43421,1209.088,,,,36327.232,,,,,,,,78.95,,,,,
SVK,Europe,Slovakia,2021-10-25,457431,993,2784.714,12917,14,9,83767.433,181.844,509.953,2365.436,2.564,1.648,,,,,,,,,,,,,,,,,,,4784937,2490447,2294490,,0,2462,87.62,45.61,42.02,,451,,5460726,113.128,41.2,15.07,9.167,30155.152,0.7,287.959,7.29,23.1,37.7,,5.82,77.54,0.86,,,,
SVN,Europe,Slovenia,2021-10-25,320620,707,1731.286,4693,10,7.429,154238.925,340.113,832.86,2257.636,4.811,3.574,,,,,,,,,,,,,,,,,,,2296983,1183937,1113046,,1805,2196,110.5,56.96,53.54,,1056,43.52,2078723,102.619,44.5,19.062,12.93,31400.84,,153.493,7.25,20.1,25,,4.5,81.32,0.917,,,,
SLB,Oceania,Solomon Islands,2021-10-25,20,0,0,,,0,28.409,0,0,,,0,,,,,,,,,,,,,,,,,,,152832,121778,31054,,,839,21.71,17.3,4.41,,1192,33.33,703995,21.841,20.8,3.507,2.043,2205.923,25.1,459.78,18.68,,,35.89,1.4,73,0.567,,,,
SOM,Africa,Somalia,2021-10-25,21998,729,104.143,1208,28,4,1344.662,44.561,6.366,73.841,1.712,0.245,,,,,,,,,,,,,,,,,,,,,,,,,,,,,,,16359500,23.5,16.8,2.731,1.496,,,365.769,6.05,,,9.831,0.9,57.4,,,,,
ZAF,Africa,South Africa,2021-10-25,2919778,146,425,88934,9,45,48628.93,2.432,7.078,1481.197,0.15,0.749,,,,,,,,,,,,,,,,,,,21514033,14864813,11697646,,,160500,35.83,24.76,19.48,,2673,45.37,60041996,46.754,27.3,5.344,3.053,12294.876,18.9,200.38,5.52,8.1,33.2,43.993,2.32,64.13,0.709,,,,
OWID_SAM,,South America,2021-10-25,38252389,-1328,19218.429,1167433,258,458.286,88086.347,-3.058,44.256,2688.326,0.594,1.055,,,,,,,,,,,,,,,,,,,499206162,287848338,215772307,6636468,97665,2418916,114.96,66.28,49.69,1.53,5570,,434260137,,,,,,,,,,,,,,,,,,
KOR,Asia,South Korea,2021-10-25,354355,1266,1405.286,2788,15,14.143,6906.807,24.676,27.391,54.341,0.292,0.276,,,,,,,,,,25493,15530478,302.708,0.497,38532,0.751,0.036,27.4,people tested,75827470,40847884,36424121,34156,512981,425344,147.8,79.62,71,0.07,8290,47.22,51305184,527.967,43.4,13.914,8.622,35938.374,0.2,85.998,6.8,6.2,40.9,,12.27,83.03,0.916,,,,
SSD,Africa,South Sudan,2021-10-25,12293,14,9.714,133,0,0.429,1080.098,1.23,0.854,11.686,0,0.038,,,,,,,,,,,,,,,,,,,127200,84839,42361,,,847,1.12,0.75,0.37,,74,,11381377,,19.2,3.441,2.032,1569.888,,280.775,10.43,,,,,57.85,0.433,,,,
ESP,Europe,Spain,2021-10-25,5002217,4485,1905.571,87186,54,22.286,107010.256,95.946,40.765,1865.132,1.155,0.477,,,,,,,,,,,,,,,,,,,,,,,,,,,,,,,46745211,93.105,45.5,19.436,13.799,34272.36,1,99.403,7.17,27.4,31.4,,2.97,83.56,0.904,,,,
LKA,Asia,Sri Lanka,2021-10-25,536645,561,632.429,13640,29,19,24963.361,26.096,29.419,634.498,1.349,0.884,,,,,,,,,,5920,5439692,253.041,0.275,5584,0.26,0.113,8.8,tests performed,28144463,14987889,13156574,,42230,82970,130.92,69.72,61.2,,3860,,21497306,341.955,34.1,10.069,5.331,11669.077,0.7,197.093,10.68,0.3,27,,3.6,76.98,0.782,,,,
SDN,Africa,Sudan,2021-10-25,40433,195,84.857,3099,0,8.714,900.325,4.342,1.89,69.006,0,0.194,,,,,,,,,,,,,,,,,,,,,,,,,,,,,,,44909351,23.258,19.7,3.548,2.034,4466.507,,431.388,15.67,,,23.437,0.8,65.31,0.51,,,,
SUR,South America,Suriname,2021-10-25,48334,216,191.143,1064,6,5,81673.138,364.989,322.987,1797.911,10.139,8.449,,,,,,,,,,,,,,,,,,,442555,247070,195485,,522,2037,74.78,41.75,33.03,,3442,,591798,3.612,29.6,6.933,4.229,13767.119,,258.314,12.54,7.4,42.9,67.779,3.1,71.68,0.738,,,,
SWE,Europe,Sweden,2021-10-25,1165996,0,580.429,14993,0,5.286,114761.59,0,57.128,1475.666,0,0.52,,,,,,,,,,,,,,,,,,,,,,,,,,,,,,,10160159,24.718,41,19.985,13.433,46949.283,0.5,133.982,4.79,18.8,18.9,,2.22,82.8,0.945,,,,
CHE,Europe,Switzerland,2021-10-25,865708,3297,1250.143,11193,11,4.429,99329.768,378.292,143.439,1284.265,1.262,0.508,,99,11.359,412,47.272,,,,,,,,,,,,,,,,,,,,,,,,,,8715494,214.243,43.1,18.436,12.644,57410.166,,99.739,5.59,22.6,28.9,,4.53,83.78,0.955,,,,
SYR,Asia,Syria,2021-10-25,41799,284,330.143,2517,13,12.571,2287.135,15.54,18.065,137.724,0.711,0.688,,,,,,,,,,,,,,,,,,,,,,,,,,,,,,,18275704,,21.7,,2.577,,,376.264,,,,70.598,1.5,72.7,0.567,,,,
TWN,Asia,Taiwan,2021-10-25,16376,8,5.571,847,1,0.143,686.481,0.335,0.234,35.506,0.042,0.006,,,,,,,,,,14469,3879987,162.649,0.607,15849,0.664,0,2844.9,people tested,22783694,16105123,6678571,,500423,368391,95.51,67.51,28,,15443,,23855008,,42.2,,8.353,,,103.957,,,,,,80.46,,,,,
TJK,Asia,Tajikistan,2021-10-25,17486,0,0.286,125,0,0,1793.505,0,0.029,12.821,0,0,,,,,,,,,,,,,,,,,,,,,,,,,,,,,,,9749625,64.281,23.3,3.466,2.155,2896.913,4.8,427.698,7.11,,,72.704,4.8,71.1,0.668,,,,
TZA,Africa,Tanzania,2021-10-25,26115,81,11.571,725,1,0.143,424.645,1.317,0.188,11.789,0.016,0.002,,,,,,,,,,,,,,,,,,,,,,,,,,,,,,,61498438,64.699,17.7,3.108,1.874,2683.304,49.1,217.288,5.75,3.3,26.7,47.953,0.7,65.46,0.529,,,,
THA,Asia,Thailand,2021-10-25,1859157,8675,9335,18799,44,66.143,26578.05,124.016,133.451,268.746,0.629,0.946,,,,,,,,,,,,,,,,,,,,,,,,,,,,,,,69950844,135.132,40.1,11.373,6.89,16277.671,0.1,109.861,7.04,1.9,38.8,90.67,2.1,77.15,0.777,,,,
TLS,Asia,Timor,2021-10-25,19774,4,7,121,0,0.286,14714.166,2.976,5.209,90.038,0,0.213,,,,,,,,,,,,,,,,,,,,,,,,,,,,,,,1343875,87.176,18,3.556,1.897,6570.102,30.3,335.346,6.86,6.3,78.1,28.178,5.9,69.5,0.606,,,,
TGO,Africa,Togo,2021-10-25,26000,8,13.857,242,0,0.429,3066.673,0.944,1.634,28.544,0,0.051,,,,,,,,,,,,,,,,,,,,,,,,,,,,,,,8478242,143.366,19.4,2.839,1.525,1429.813,49.2,280.033,6.15,0.9,14.2,10.475,0.7,61.04,0.515,,,,
TKL,Oceania,Tokelau,2021-10-12,,,,,,,,,,,,,,,,,,,,,,,,,,,,,,,1936,968,968,,,17,141.52,70.76,70.76,,12427,,1368,,,,,,,,,,,,,81.86,,,,,
TON,Oceania,Tonga,2021-10-25,,,,,,,,,,,,,,,,,,,,,,,,,,,,,,,84506,51048,33458,,,635,79.16,47.82,31.34,,5948,,106759,150.028,22.3,5.82,4.032,5425.621,,227.49,15.42,11.8,44.4,,2.6,70.91,0.725,,,,
TTO,North America,Trinidad and Tobago,2021-10-25,55798,117,218.714,1650,5,6.429,39759.893,83.371,155.849,1175.738,3.563,4.581,,,,,,,,,,,,,,,,,,,1204082,618345,585737,,1380,3746,85.8,44.06,41.74,,2669,,1403374,266.886,36.2,10.014,5.819,28763.071,,228.467,10.97,,,89.443,3,73.51,0.796,,,,
TUN,Africa,Tunisia,2021-10-25,711821,128,124,25155,6,7.857,59637.657,10.724,10.389,2107.532,0.503,0.658,,,,,,,,,,,,,,,,,,,8956625,5504905,4397120,,52938,33286,75.04,46.12,36.84,,2789,,11935764,74.228,32.7,8.001,5.075,10849.297,2,318.991,8.52,1.1,65.8,78.687,2.3,76.7,0.74,,,,
TUR,Asia,Turkey,2021-10-25,7879438,27663,27993,69344,232,215.286,92652.687,325.284,329.164,815.402,2.728,2.532,,,,,,,,,,351152,95145848,1118.8,4.129,355548,4.181,0.079,12.7,tests performed,115480511,55214596,48218503,12047412,224799,181840,135.79,64.93,56.7,14.17,2138,,85042736,104.914,31.6,8.153,5.061,25129.341,0.2,171.285,12.13,14.1,41.1,,2.81,77.69,0.82,,,,
TKM,Asia,Turkmenistan,2021-08-29,,,,,,,,,,,,,,,,,,,,,,,,,,,,,,,7580976,4374694,3206282,,,41369,123.91,71.51,52.41,,6762,62.5,6117933,12.253,26.9,4.277,2.541,16389.023,,536.783,7.11,,,100,7.4,68.19,0.715,,,,
TCA,North America,Turks and Caicos Islands,2021-10-08,,,,,,,,,,,,,,,,,,,,,,,,,,,,,,,54417,28305,26112,,,97,138.73,72.16,66.57,,2473,,39226,37.312,,,,,,,,,,,,80.22,,,,,
TUV,Oceania,Tuvalu,2021-09-10,,,,,,,,,,,,,,,,,,,,,,,,,,,,,,,10861,6209,4652,,,11,91.08,52.07,39.01,,922,,11925,373.067,,,,3575.104,3.3,,27.25,,,,,67.57,,,,,
UGA,Africa,Uganda,2021-10-25,125758,48,71,3200,0,2.143,2668.688,1.019,1.507,67.907,0,0.045,,,,,,,,,,,,,,,,,,,,,,,,,,,,,,,47123533,213.759,16.4,2.168,1.308,1697.707,41.6,213.333,2.5,3.4,16.7,21.222,0.5,63.37,0.544,,,,
UKR,Europe,Ukraine,2021-10-25,2913666,15617,20846.143,68365,357,509.714,67031.954,359.286,479.587,1572.809,8.213,11.727,,,,,,,,,,34540,14021250,322.574,0.795,62783,1.444,0.332,3,tests performed,16210280,9151478,7058802,,254920,224422,37.29,21.05,16.24,,5163,,43466822,77.39,41.4,16.462,11.133,7894.393,0.1,539.849,7.11,13.5,47.4,,8.8,72.06,0.779,,,,
ARE,Asia,United Arab Emirates,2021-10-25,739381,97,98.714,2131,1,1.571,74004.089,9.709,9.88,213.29,0.1,0.157,,,,,,,,,,281817,91505839,9158.751,28.207,284934,28.519,0,2886.5,tests performed,20895739,9593822,8604768,,20526,27988,209.14,96.02,86.12,,2801,,9991083,112.442,34,1.144,0.526,67293.483,,317.84,17.26,1.2,37.4,,1.2,77.97,0.89,,,,
GBR,Europe,United Kingdom,2021-10-25,8851104,36369,44779.143,139990,40,135.429,129768.047,533.214,656.517,2052.425,0.586,1.986,,,,,,,,,,,,,,,,,,,,,,,,,,,,,,,68207114,272.898,40.8,18.517,12.527,39753.244,0.2,122.137,4.28,20,24.7,,2.54,81.32,0.932,,,,
USA,North America,United States,2021-10-25,45547158,102898,70892.571,737342,1401,1554.714,136813.144,309.082,212.945,2214.805,4.208,4.67,,14624,43.927,45498,136.665,,,,,,,,,,,,,,414302192,220519217,190699790,13262718,656714,786321,123.19,65.57,56.7,3.94,2338,,332915074,35.608,38.3,15.413,9.732,54225.446,1.2,151.089,10.79,19.1,24.6,,2.77,78.86,0.926,,,,
URY,South America,Uruguay,2021-10-25,392319,171,164.571,6073,2,0.571,112568.691,49.065,47.221,1742.535,0.574,0.164,,,,,,,,,,,,,,,,,,,6562287,2758169,2615742,1188376,13981,9930,188.29,79.14,75.05,34.1,2849,,3485152,19.751,35.6,14.655,10.361,20551.409,0.1,160.708,6.93,14,19.9,,2.8,77.91,0.817,,,,
UZB,Asia,Uzbekistan,2021-10-25,183928,359,373.714,1306,2,2.286,5419.887,10.579,11.012,38.484,0.059,0.067,,,,,,,,,,,,,,,,,,,,,,,,,,,,,,,33935765,76.134,28.2,4.469,2.873,6253.104,,724.417,7.57,1.3,24.7,,4,71.72,0.72,,,,
VUT,Oceania,Vanuatu,2021-10-25,4,0,0,1,0,0,12.72,0,0,3.18,0,0,,,,,,,,,,,,,,,,,,,96536,65982,30554,,,689,30.7,20.98,9.72,,2191,16.67,314464,22.662,23.1,4.394,2.62,2921.909,13.2,546.3,12.02,2.8,34.5,25.209,,70.47,0.609,,,,
VAT,Europe,Vatican,2021-10-25,27,0,0,,,0,33251.232,0,0,,,0,,,,,,,,,,,,,,,,,,,,,,,,,,,,,,,812,,,,,,,,,,,,,75.12,,,,,
VEN,South America,Venezuela,2021-10-25,401259,748,1028.286,4822,12,12.571,13978.74,26.058,35.823,167.985,0.418,0.438,,,,,,,,,,,,,,,,,,,,,,,,,,,,,,,28704947,36.253,29,6.614,3.915,16745.022,,204.85,6.47,,,,0.8,72.06,0.711,,,,
VNM,Asia,Vietnam,2021-10-25,892579,3639,3622.571,21738,65,67,9092.285,37.069,36.901,221.435,0.662,0.682,,,,,,,,,,,,,,,,,,,,,,,,,,,,,,,98168829,308.127,32.6,7.15,4.718,6171.884,2,245.465,6,1,45.9,85.847,2.6,75.4,0.704,,,,
WLF,Oceania,Wallis and Futuna,2021-10-25,,,,,,,,,,,,,,,,,,,,,,,,,,,,,,,11361,5897,5464,,,37,102.41,53.15,49.25,,3335,,11094,,,,,,,,,,,,,79.94,,,,,
OWID_WRL,,World,2021-10-25,244074377,403014,420301.571,4954956,6546,7034,30993.707,51.177,53.372,629.204,0.831,0.893,,,,,,,,,,,,,,,,,,,6884975522,3836972142,2941131215,52955582,10929921,24160085,87.43,48.72,37.35,0.67,3068,,7874965730,58.045,30.9,8.696,5.355,15469.207,10,233.07,8.51,6.434,34.635,60.13,2.705,72.58,0.737,,,,
YEM,Asia,Yemen,2021-10-25,9694,16,19.714,1850,10,6.143,317.934,0.525,0.647,60.674,0.328,0.201,,,,,,,,,,,,,,,,,,,,,,,,,,,,,,,30490639,53.508,20.3,2.922,1.583,1479.147,18.8,495.003,5.35,7.6,29.2,49.542,0.7,66.12,0.47,,,,
ZMB,Africa,Zambia,2021-10-25,209639,5,14.714,3659,0,0.143,11079.901,0.264,0.778,193.387,0,0.008,,,,,,,,,,3166,2575762,136.135,0.167,4483,0.237,0.003,304.7,tests performed,,,,,,,,,,,,40.74,18920657,22.995,17.7,2.48,1.542,3689.251,57.5,234.499,3.94,3.1,24.7,13.938,2,63.89,0.584,,,,
ZWE,Africa,Zimbabwe,2021-10-25,132688,37,45.714,4673,4,2.143,8791.843,2.452,3.029,309.631,0.265,0.142,,,,,,,,,,,,,,,,,,,5848934,3287996,2560938,,12571,15135,38.75,21.79,16.97,,1003,,15092171,42.729,19.6,2.822,1.882,1899.775,21.4,307.846,1.82,1.6,30.7,36.791,1.7,61.49,0.571,,,,
